{"cameraMode":{"drawMode":0,"name":"Shaded","section":"Shading Mode"},"sceneLighting":false,"audioPlay":false,"sceneViewState":{"showFog":true,"showMaterialUpdate":false,"showSkybox":false,"showFlares":true,"showImageEffects":true,"showParticleSystems":true},"in2DMode":false,"pivot":{"x":-0.08160955458879471,"y":0.14791887998580934,"z":-0.25523027777671816},"rotation":{"x":0.22621825337409974,"y":-0.3332058787345886,"z":0.08293121308088303,"w":0.9116583466529846},"size":0.47320497035980227,"orthographic":false}