{"cameraMode":{"drawMode":0,"name":"Shaded","section":"Shading Mode"},"sceneLighting":false,"audioPlay":false,"sceneViewState":{"showFog":true,"showMaterialUpdate":false,"showSkybox":false,"showFlares":true,"showImageEffects":true,"showParticleSystems":true,"showVisualEffectGraphs":true,"m_FxEnabled":true},"in2DMode":false,"pivot":{"x":9.729154586791993,"y":0.32825225591659548,"z":3.7180325984954836},"rotation":{"x":-0.07051882147789002,"y":0.0798129290342331,"z":-0.005809422582387924,"w":-0.9943889379501343},"size":2.288485288619995,"orthographic":false}